,username,name,gender,Address,stateZip,email,sessions
0,reginaldwood,Curtis Smith,M,342 Bennett Meadows Apt. 353 Lake Donald,ND 60509,vdavis@hotmail.com,21
1,hwinters,Mr. Walter Lopez,M,9016 Amanda Cliffs Jodyfurt,MD 11818,peterperez@yahoo.com,59
2,richardobrien,Olivia Morgan,F,74683 Grimes Estate Suite 749 New Kimberlyport,CO 72708,jkelley@hotmail.com,5
3,sarah18,Brian Rivas DDS,M,483 Gay Junction Suite 187 Josephland,CO 23315,tonybanks@hotmail.com,2
4,dleblanc,Dean Floyd,M,9769 Vicki Route Apt. 274 Lake Timothymouth,ID 05312,kayla41@yahoo.com,3
5,natashaclark,Robert Ryan,M,44501 Washington Rapids Apt. 618 West Samanth...,NV 89311,icarlson@yahoo.com,2
6,emilylopez,Zachary Bryan,M,0737 Amber Tunnel Apt. 522 Blevinshaven,MD 12021,campbelljacqueline@gmail.com,9
7,andrewallen,Jessica Christensen,F,372 Graham Lodge Jacksonville,AL 22157,kelleybrenda@yahoo.com,2
8,rebecca72,Cassidy Martinez,F,9257 Miller Street Suite 121 Caitlynville,DE 21931,adam76@hotmail.com,7
9,heathercurry,Alicia Smith,F,535 Johnson Row Suite 492 South Rebekahfurt,DC 75139,patrick67@yahoo.com,34
10,abrooks,Joshua Faulkner,M,Unit 6030 Box 6985 DPO AE 62822,NaN,grahamjoyce@hotmail.com,64
11,zbautista,Christine Silva,F,Unit 0630 Box 1642 DPO AA 65194,NaN,judymitchell@gmail.com,12
12,rhondahouston,Tabitha Casey,F,2192 Richard Row Kennethburgh,MA 20136,irogers@yahoo.com,97
13,colejennifer,Valerie Nichols,F,047 James Shoal Suite 109 Lake Brendaview,WA 33488,bobbygray@yahoo.com,344
14,brian11,Daniel Delacruz,M,81881 Carrie Mews Apt. 392 Lake Josephland,OK 70624,albert18@gmail.com,37
15,brandonriley,Mrs. Briana Harmon MD,F,966 Thomas Rest Apt. 034 Kennethmouth,NV 89954,tinablack@hotmail.com,844
16,gwright,Brittany Mathews,F,191 Thomas Plaza Apt. 633 Ramirezstad,AR 21981,jameskirby@hotmail.com,278
17,tjohnson,Misty Kim,F,400 Martinez Prairie Justinfort,RI 16078,nicholasdaniels@gmail.com,84
18,adamsmaria,Erika Martin,F,USS Richardson FPO AA 82169,NaN,ebennett@yahoo.com,389
19,katiemontoya,Joshua Hill,M,402 Sanchez Meadows Ericashire,SD 41313,jeffery31@yahoo.com,33
20,walkerjuan,Julie Frazier,F,033 Hughes Junction Lake Brandonberg,NM 66509,bruce12@hotmail.com,29
21,qparker,Kevin Henderson DDS,M,03459 Lee Streets Gonzalezton,NY 39724,adamhenderson@hotmail.com,22
22,paul75,Robert Taylor,M,3619 Anderson Pines Suite 073 South Marcusmouth,ND 21568,clarkkimberly@yahoo.com,88
23,ramseykathryn,Jessica Shepard,F,697 Elizabeth Summit Suite 028 New Heidi,AL 65566,hudsonkent@hotmail.com,343
24,stephenterry,Katherine Rodriguez,F,9315 Leah Ports Apt. 509 West Emily,UT 87145,clarkmichael@gmail.com,676
25,gharvey,James Mcdaniel,M,2421 Castillo Trafficway Deniseburgh,WY 89039,cardenaslori@gmail.com,4
26,lerebecca,Julie Rivera,F,Unit 4251 Box 7363 DPO AE 39510,NaN,kanesusan@hotmail.com,4
27,gonzalezdavid,Joan Johnson,F,57839 Kevin Pines Suite 470 Port Tracyhaven,MT 91590,jeffrey06@yahoo.com,8
28,adrienne74,Mrs. Sierra Obrien,F,25634 Emily Streets Port Joshuatown,NY 50258,dharris@yahoo.com,0
29,lhall,Tasha Brown,F,3445 Ashley Rue Williamsbury,NJ 32461,william34@yahoo.com,1
30,briangomez,Jodi Patterson,F,Unit 0191 Box 4033 DPO AE 71127,NaN,ogolden@yahoo.com,92
31,smithtimothy,Madeline Lee,F,34873 Romero Junctions Suite 028 South Jasmin...,KY 38027,osingh@gmail.com,63
32,robert51,Stephanie Mitchell DVM,F,3419 Laura Locks Apt. 086 Lewisville,ND 09472,rodriguezlee@gmail.com,20
33,annamcguire,Juan Lloyd,M,989 Clark Dale Lake Ericside,GA 09288,bcruz@gmail.com,36
34,smithkelsey,David Morales,M,73282 Fernandez Light Smithhaven,IL 60536,michele89@gmail.com,65
35,bairdbrittany,Melody Parker,F,817 Bryce Harbor Apt. 851 Whitestad,KY 49973,yparker@gmail.com,35
36,leslie83,John Garcia,M,35844 Thompson Keys Apt. 597 West Susanland,ND 68839,lyonsnatalie@hotmail.com,78
37,lori13,Krista Pena,F,4190 Shane Circle Suite 282 Lake Shannonmouth,MO 54082,marilynholmes@hotmail.com,3
38,anna99,Matthew Braun,M,4926 Long Ramp Cherryton,TX 58378,jonathanwashington@yahoo.com,4
39,iconway,Jennifer Kelley,F,72614 Harry Rest Suite 883 North Elizabethstad,NY 06377,annettearnold@hotmail.com,9
40,jgarcia,Tara King,F,5061 Christine Plain North Anita,NH 91902,summer01@gmail.com,4
41,martinezlori,Jesse Moore,M,4138 Amber Bridge Brittneyshire,UT 72950,christopherdrake@gmail.com,2
42,thomas67,Courtney Bailey,F,9061 Erica Squares Petersonland,PA 50428,barneselizabeth@gmail.com,7
43,janet70,Crystal White,F,39237 Meyer Trail Apt. 246 Andersonhaven,SC 84456,uandrade@hotmail.com,8
44,kelsey24,Robert Johnson,M,Unit 3355 Box 1971 DPO AP 54897,NaN,tedwards@gmail.com,28
45,xyoung,Michelle Taylor,F,266 Mary Trail New Marilynberg,GA 98686,michael49@yahoo.com,18
46,gregoryarnold,Jennifer Pitts,F,53322 Rasmussen Street Apt. 221 Clarketown,OR 58644,jonesjohn@hotmail.com,88
47,steven33,Ruth Drake,F,7400 Colton Fork Lake Jennifer,CO 58154,seangomez@hotmail.com,888
48,howard09,Jeffrey Jefferson,M,15435 Daniel Manor Suite 712 Hughesshire,MA 68417,shannon88@gmail.com,865
49,santanarita,Brianna Hall,F,530 Downs Loop Schmidtshire,PA 11913,elliskathy@yahoo.com,445